serial_number,x_mm,y_mm,z_mm,sqrt_area_um,location,hv
RB1-25,,,,,,
RB1-29,,,,,,
RB1-14,,,,,,
RB1-17,,,,,,
RB1-15,,,,,,
RB1-30,,,,,,
RB1-10,,,,,,
RB1-02,,,,,,
RB1-07,,,,,,
RB1-28,,,,,,
RB1-04,,,,,,
RB1-24,,,,,,
RB1-08,,,,,,
RB1-19,,,,,,
RB1-01,,,,,,
RB1-27,,,,,,
RB1-20,,,,,,
RB1-09,,,,,,
RB1-11,,,,,,
RB1-16,,,,,,
RB1-21,,,,,,
RB1-03,,,,,,
RB1-26,,,,,,
RB1-23,,,,,,
RB1-13,11.9692,232.9176,11.2449,300,internal,392
RB1-12,-14.3327,270.7225,14.5315,300,internal,403
RB1-18,-0.9374,215.9492,25.1718,1500,surface,405
RB1-05,-25.1364,216.0099,-1.9489,1200,surface,402
RB1-22,-15.1376,37.3535,-16.4089,100,surface,405
RB1-06,-0.0,-0.0,25.0,700,surface,402
