serial_number,x_mm,y_mm,z_mm,sqrt_area_um,location
MIX-01,13.6005,215.5674,13.9435,100,surface
MIX-02,13.0677,215.6775,-13.1033,700,internal
MIX-03,-13.4317,215.9493,13.2036,1800,surface
MIX-04,15.3789,137.1477,-16.1994,300,internal
MIX-05,-14.3327,270.7225,14.5315,300,surface
MIX-06,-1.0156,215.9145,-25.1709,100,internal
MIX-07,25.1739,275.0,-1.6845,100,surface
MIX-08,13.6005,215.5674,13.9435,1200,internal
MIX-09,-13.4376,215.6738,-13.6691,300,surface
MIX-10,15.3789,137.1477,-16.1994,1200,surface
