node_id,x_mm,y_mm,z_mm,von_mises_mpa
1,36.5,0.0,0.0,634.18
2,35.256,9.447,0.0,629.89
3,31.61,18.25,0.0,643.25
4,25.809,25.809,0.0,635.84
5,18.25,31.61,0.0,637.09
6,9.447,35.256,0.0,621.16
7,0.0,36.5,0.0,621.77
8,-9.447,35.256,0.0,603.47
9,-18.25,31.61,0.0,627.66
10,-25.809,25.809,0.0,630.04
11,-31.61,18.25,0.0,641.56
12,-35.256,9.447,0.0,644.3
13,-36.5,0.0,0.0,615.8
14,-35.256,-9.447,0.0,606.82
15,-31.61,-18.25,0.0,614.5
16,-25.809,-25.809,0.0,617.21
17,-18.25,-31.61,0.0,621.61
18,-9.447,-35.256,0.0,646.82
19,-0.0,-36.5,0.0,659.28
20,9.447,-35.256,0.0,629.34
21,18.25,-31.61,0.0,639.17
22,25.809,-25.809,0.0,621.8
23,31.61,-18.25,0.0,605.21
24,35.256,-9.447,0.0,605.52
25,36.5,0.0,13.158,586.6
26,35.256,9.447,13.158,582.12
27,31.61,18.25,13.158,580.66
28,25.809,25.809,13.158,574.93
29,18.25,31.61,13.158,583.31
30,9.447,35.256,13.158,561.85
31,0.0,36.5,13.158,562.1
32,-9.447,35.256,13.158,565.63
33,-18.25,31.61,13.158,573.97
34,-25.809,25.809,13.158,601.22
35,-31.61,18.25,13.158,589.24
36,-35.256,9.447,13.158,588.59
37,-36.5,0.0,13.158,582.76
38,-35.256,-9.447,13.158,562.3
39,-31.61,-18.25,13.158,563.73
40,-25.809,-25.809,13.158,561.06
41,-18.25,-31.61,13.158,579.02
42,-9.447,-35.256,13.158,573.4
43,-0.0,-36.5,13.158,584.72
44,9.447,-35.256,13.158,580.71
45,18.25,-31.61,13.158,560.28
46,25.809,-25.809,13.158,550.72
47,31.61,-18.25,13.158,540.91
48,35.256,-9.447,13.158,552.08
49,36.5,0.0,26.316,525.77
50,35.256,9.447,26.316,531.78
51,31.61,18.25,26.316,537.8
52,25.809,25.809,26.316,527.12
53,18.25,31.61,26.316,514.7
54,9.447,35.256,26.316,520.65
55,0.0,36.5,26.316,506.14
56,-9.447,35.256,26.316,510.83
57,-18.25,31.61,26.316,511.83
58,-25.809,25.809,26.316,542.71
59,-31.61,18.25,26.316,531.6
60,-35.256,9.447,26.316,532.22
61,-36.5,0.0,26.316,536.38
62,-35.256,-9.447,26.316,511.75
63,-31.61,-18.25,26.316,503.4
64,-25.809,-25.809,26.316,513.09
65,-18.25,-31.61,26.316,531.98
66,-9.447,-35.256,26.316,544.12
67,-0.0,-36.5,26.316,533.57
68,9.447,-35.256,26.316,521.8
69,18.25,-31.61,26.316,516.16
70,25.809,-25.809,26.316,500.59
71,31.61,-18.25,26.316,493.02
72,35.256,-9.447,26.316,520.84
73,36.5,0.0,39.474,487.12
74,35.256,9.447,39.474,484.41
75,31.61,18.25,39.474,500.49
76,25.809,25.809,39.474,486.84
77,18.25,31.61,39.474,488.26
78,9.447,35.256,39.474,460.45
79,0.0,36.5,39.474,448.77
80,-9.447,35.256,39.474,454.08
81,-18.25,31.61,39.474,477.67
82,-25.809,25.809,39.474,482.85
83,-31.61,18.25,39.474,498.36
84,-35.256,9.447,39.474,501.9
85,-36.5,0.0,39.474,472.81
86,-35.256,-9.447,39.474,453.26
87,-31.61,-18.25,39.474,470.75
88,-25.809,-25.809,39.474,461.97
89,-18.25,-31.61,39.474,463.55
90,-9.447,-35.256,39.474,476.38
91,-0.0,-36.5,39.474,484.11
92,9.447,-35.256,39.474,493.79
93,18.25,-31.61,39.474,484.59
94,25.809,-25.809,39.474,459.35
95,31.61,-18.25,39.474,442.73
96,35.256,-9.447,39.474,458.13
97,36.5,0.0,52.632,449.6
98,35.256,9.447,52.632,449.73
99,31.61,18.25,52.632,468.85
100,25.809,25.809,52.632,459.68
101,18.25,31.61,52.632,420.06
102,9.447,35.256,52.632,427.2
103,0.0,36.5,52.632,420.17
104,-9.447,35.256,52.632,421.68
105,-18.25,31.61,52.632,427.72
106,-25.809,25.809,52.632,453.09
107,-31.61,18.25,52.632,443.06
108,-35.256,9.447,52.632,446.9
109,-36.5,0.0,52.632,433.33
110,-35.256,-9.447,52.632,434.19
111,-31.61,-18.25,52.632,425.99
112,-25.809,-25.809,52.632,413.48
113,-18.25,-31.61,52.632,434.74
114,-9.447,-35.256,52.632,439.22
115,-0.0,-36.5,52.632,467.1
116,9.447,-35.256,52.632,459.98
117,18.25,-31.61,52.632,428.67
118,25.809,-25.809,52.632,424.74
119,31.61,-18.25,52.632,417.99
120,35.256,-9.447,52.632,410.16
121,36.5,0.0,65.789,405.75
122,35.256,9.447,65.789,413.2
123,31.61,18.25,65.789,426.24
124,25.809,25.809,65.789,412.93
125,18.25,31.61,65.789,382.9
126,9.447,35.256,65.789,378.46
127,0.0,36.5,65.789,363.46
128,-9.447,35.256,65.789,396.61
129,-18.25,31.61,65.789,409.24
130,-25.809,25.809,65.789,421.97
131,-31.61,18.25,65.789,412.11
132,-35.256,9.447,65.789,398.76
133,-36.5,0.0,65.789,409.22
134,-35.256,-9.447,65.789,397.15
135,-31.61,-18.25,65.789,365.45
136,-25.809,-25.809,65.789,383.32
137,-18.25,-31.61,65.789,384.96
138,-9.447,-35.256,65.789,419.84
139,-0.0,-36.5,65.789,425.85
140,9.447,-35.256,65.789,400.87
141,18.25,-31.61,65.789,397.14
142,25.809,-25.809,65.789,385.23
143,31.61,-18.25,65.789,370.83
144,35.256,-9.447,65.789,394.91
145,36.5,0.0,78.947,362.56
146,35.256,9.447,78.947,370.36
147,31.61,18.25,78.947,386.05
148,25.809,25.809,78.947,385.91
149,18.25,31.61,78.947,355.9
150,9.447,35.256,78.947,345.08
151,0.0,36.5,78.947,359.72
152,-9.447,35.256,78.947,355.22
153,-18.25,31.61,78.947,363.01
154,-25.809,25.809,78.947,379.54
155,-31.61,18.25,78.947,373.5
156,-35.256,9.447,78.947,370.75
157,-36.5,0.0,78.947,360.01
158,-35.256,-9.447,78.947,353.37
159,-31.61,-18.25,78.947,336.77
160,-25.809,-25.809,78.947,342.33
161,-18.25,-31.61,78.947,352.0
162,-9.447,-35.256,78.947,382.94
163,-0.0,-36.5,78.947,376.74
164,9.447,-35.256,78.947,391.17
165,18.25,-31.61,78.947,375.66
166,25.809,-25.809,78.947,337.85
167,31.61,-18.25,78.947,337.01
168,35.256,-9.447,78.947,355.79
169,36.5,0.0,92.105,326.71
170,35.256,9.447,92.105,338.39
171,31.61,18.25,92.105,368.35
172,25.809,25.809,92.105,351.56
173,18.25,31.61,92.105,334.46
174,9.447,35.256,92.105,329.68
175,0.0,36.5,92.105,324.51
176,-9.447,35.256,92.105,311.85
177,-18.25,31.61,92.105,323.19
178,-25.809,25.809,92.105,347.36
179,-31.61,18.25,92.105,352.99
180,-35.256,9.447,92.105,348.44
181,-36.5,0.0,92.105,342.16
182,-35.256,-9.447,92.105,326.34
183,-31.61,-18.25,92.105,329.81
184,-25.809,-25.809,92.105,309.09
185,-18.25,-31.61,92.105,332.36
186,-9.447,-35.256,92.105,344.6
187,-0.0,-36.5,92.105,366.13
188,9.447,-35.256,92.105,341.89
189,18.25,-31.61,92.105,325.99
190,25.809,-25.809,92.105,319.6
191,31.61,-18.25,92.105,312.94
192,35.256,-9.447,92.105,314.5
193,36.5,0.0,105.263,301.27
194,35.256,9.447,105.263,335.61
195,31.61,18.25,105.263,327.07
196,25.809,25.809,105.263,333.75
197,18.25,31.61,105.263,310.28
198,9.447,35.256,105.263,281.15
199,0.0,36.5,105.263,303.75
200,-9.447,35.256,105.263,304.71
201,-18.25,31.61,105.263,322.84
202,-25.809,25.809,105.263,335.71
203,-31.61,18.25,105.263,339.23
204,-35.256,9.447,105.263,312.9
205,-36.5,0.0,105.263,308.34
206,-35.256,-9.447,105.263,286.04
207,-31.61,-18.25,105.263,285.8
208,-25.809,-25.809,105.263,281.39
209,-18.25,-31.61,105.263,305.14
210,-9.447,-35.256,105.263,337.47
211,-0.0,-36.5,105.263,321.73
212,9.447,-35.256,105.263,331.44
213,18.25,-31.61,105.263,307.42
214,25.809,-25.809,105.263,292.32
215,31.61,-18.25,105.263,302.49
216,35.256,-9.447,105.263,309.49
217,36.5,0.0,118.421,286.69
218,35.256,9.447,118.421,305.71
219,31.61,18.25,118.421,294.66
220,25.809,25.809,118.421,293.06
221,18.25,31.61,118.421,299.07
222,9.447,35.256,118.421,273.25
223,0.0,36.5,118.421,266.28
224,-9.447,35.256,118.421,278.31
225,-18.25,31.61,118.421,271.73
226,-25.809,25.809,118.421,301.68
227,-31.61,18.25,118.421,305.1
228,-35.256,9.447,118.421,309.74
229,-36.5,0.0,118.421,274.74
230,-35.256,-9.447,118.421,284.69
231,-31.61,-18.25,118.421,252.42
232,-25.809,-25.809,118.421,261.45
233,-18.25,-31.61,118.421,287.86
234,-9.447,-35.256,118.421,304.41
235,-0.0,-36.5,118.421,297.07
236,9.447,-35.256,118.421,287.75
237,18.25,-31.61,118.421,296.72
238,25.809,-25.809,118.421,263.26
239,31.61,-18.25,118.421,267.85
240,35.256,-9.447,118.421,274.45
241,36.5,0.0,131.579,261.3
242,35.256,9.447,131.579,280.37
243,31.61,18.25,131.579,284.41
244,25.809,25.809,131.579,290.91
245,18.25,31.61,131.579,254.85
246,9.447,35.256,131.579,256.07
247,0.0,36.5,131.579,235.88
248,-9.447,35.256,131.579,246.45
249,-18.25,31.61,131.579,268.87
250,-25.809,25.809,131.579,271.86
251,-31.61,18.25,131.579,278.21
252,-35.256,9.447,131.579,285.42
253,-36.5,0.0,131.579,250.9
254,-35.256,-9.447,131.579,248.33
255,-31.61,-18.25,131.579,258.68
256,-25.809,-25.809,131.579,264.46
257,-18.25,-31.61,131.579,250.92
258,-9.447,-35.256,131.579,269.26
259,-0.0,-36.5,131.579,276.68
260,9.447,-35.256,131.579,290.86
261,18.25,-31.61,131.579,275.15
262,25.809,-25.809,131.579,260.96
263,31.61,-18.25,131.579,239.81
264,35.256,-9.447,131.579,239.31
265,36.5,0.0,144.737,254.66
266,35.256,9.447,144.737,264.89
267,31.61,18.25,144.737,267.99
268,25.809,25.809,144.737,273.4
269,18.25,31.61,144.737,249.26
270,9.447,35.256,144.737,215.74
271,0.0,36.5,144.737,234.16
272,-9.447,35.256,144.737,224.48
273,-18.25,31.61,144.737,249.54
274,-25.809,25.809,144.737,271.95
275,-31.61,18.25,144.737,253.67
276,-35.256,9.447,144.737,247.25
277,-36.5,0.0,144.737,232.85
278,-35.256,-9.447,144.737,232.1
279,-31.61,-18.25,144.737,217.81
280,-25.809,-25.809,144.737,233.65
281,-18.25,-31.61,144.737,251.17
282,-9.447,-35.256,144.737,249.89
283,-0.0,-36.5,144.737,268.67
284,9.447,-35.256,144.737,251.7
285,18.25,-31.61,144.737,244.3
286,25.809,-25.809,144.737,242.66
287,31.61,-18.25,144.737,235.03
288,35.256,-9.447,144.737,218.27
289,36.5,0.0,157.895,225.25
290,35.256,9.447,157.895,234.99
291,31.61,18.25,157.895,232.65
292,25.809,25.809,157.895,249.82
293,18.25,31.61,157.895,231.66
294,9.447,35.256,157.895,206.26
295,0.0,36.5,157.895,214.78
296,-9.447,35.256,157.895,214.95
297,-18.25,31.61,157.895,225.37
298,-25.809,25.809,157.895,226.98
299,-31.61,18.25,157.895,234.8
300,-35.256,9.447,157.895,253.18
301,-36.5,0.0,157.895,239.66
302,-35.256,-9.447,157.895,214.77
303,-31.61,-18.25,157.895,217.58
304,-25.809,-25.809,157.895,215.88
305,-18.25,-31.61,157.895,216.99
306,-9.447,-35.256,157.895,230.51
307,-0.0,-36.5,157.895,241.79
308,9.447,-35.256,157.895,253.66
309,18.25,-31.61,157.895,236.43
310,25.809,-25.809,157.895,224.22
311,31.61,-18.25,157.895,219.51
312,35.256,-9.447,157.895,204.7
313,36.5,0.0,171.053,204.71
314,35.256,9.447,171.053,214.45
315,31.61,18.25,171.053,240.63
316,25.809,25.809,171.053,237.89
317,18.25,31.61,171.053,209.41
318,9.447,35.256,171.053,201.7
319,0.0,36.5,171.053,181.86
320,-9.447,35.256,171.053,210.98
321,-18.25,31.61,171.053,223.16
322,-25.809,25.809,171.053,240.65
323,-31.61,18.25,171.053,241.54
324,-35.256,9.447,171.053,237.81
325,-36.5,0.0,171.053,197.97
326,-35.256,-9.447,171.053,205.18
327,-31.61,-18.25,171.053,187.19
328,-25.809,-25.809,171.053,211.0
329,-18.25,-31.61,171.053,221.29
330,-9.447,-35.256,171.053,237.29
331,-0.0,-36.5,171.053,241.54
332,9.447,-35.256,171.053,219.37
333,18.25,-31.61,171.053,220.84
334,25.809,-25.809,171.053,186.32
335,31.61,-18.25,171.053,203.39
336,35.256,-9.447,171.053,208.84
337,36.5,0.0,184.211,190.16
338,35.256,9.447,184.211,222.13
339,31.61,18.25,184.211,217.3
340,25.809,25.809,184.211,206.79
341,18.25,31.61,184.211,207.35
342,9.447,35.256,184.211,176.18
343,0.0,36.5,184.211,164.2
344,-9.447,35.256,184.211,175.14
345,-18.25,31.61,184.211,193.34
346,-25.809,25.809,184.211,223.56
347,-31.61,18.25,184.211,232.5
348,-35.256,9.447,184.211,206.01
349,-36.5,0.0,184.211,202.73
350,-35.256,-9.447,184.211,181.34
351,-31.61,-18.25,184.211,192.92
352,-25.809,-25.809,184.211,185.43
353,-18.25,-31.61,184.211,211.67
354,-9.447,-35.256,184.211,201.09
355,-0.0,-36.5,184.211,232.6
356,9.447,-35.256,184.211,202.99
357,18.25,-31.61,184.211,212.37
358,25.809,-25.809,184.211,177.31
359,31.61,-18.25,184.211,166.74
360,35.256,-9.447,184.211,182.39
361,36.5,0.0,197.368,193.04
362,35.256,9.447,197.368,194.74
363,31.61,18.25,197.368,209.37
364,25.809,25.809,197.368,200.67
365,18.25,31.61,197.368,182.74
366,9.447,35.256,197.368,174.34
367,0.0,36.5,197.368,158.83
368,-9.447,35.256,197.368,178.31
369,-18.25,31.61,197.368,171.24
370,-25.809,25.809,197.368,213.09
371,-31.61,18.25,197.368,207.34
372,-35.256,9.447,197.368,206.91
373,-36.5,0.0,197.368,193.44
374,-35.256,-9.447,197.368,177.16
375,-31.61,-18.25,197.368,162.11
376,-25.809,-25.809,197.368,159.14
377,-18.25,-31.61,197.368,191.11
378,-9.447,-35.256,197.368,195.23
379,-0.0,-36.5,197.368,200.6
380,9.447,-35.256,197.368,210.77
381,18.25,-31.61,197.368,192.78
382,25.809,-25.809,197.368,166.05
383,31.61,-18.25,197.368,160.46
384,35.256,-9.447,197.368,169.29
385,36.5,0.0,210.526,172.23
386,35.256,9.447,210.526,183.17
387,31.61,18.25,210.526,183.98
388,25.809,25.809,210.526,186.91
389,18.25,31.61,210.526,188.37
390,9.447,35.256,210.526,166.33
391,0.0,36.5,210.526,167.24
392,-9.447,35.256,210.526,164.48
393,-18.25,31.61,210.526,169.19
394,-25.809,25.809,210.526,190.74
395,-31.61,18.25,210.526,180.17
396,-35.256,9.447,210.526,182.91
397,-36.5,0.0,210.526,173.05
398,-35.256,-9.447,210.526,163.41
399,-31.61,-18.25,210.526,159.8
400,-25.809,-25.809,210.526,159.96
401,-18.25,-31.61,210.526,173.42
402,-9.447,-35.256,210.526,180.71
403,-0.0,-36.5,210.526,194.35
404,9.447,-35.256,210.526,201.33
405,18.25,-31.61,210.526,184.04
406,25.809,-25.809,210.526,151.11
407,31.61,-18.25,210.526,142.7
408,35.256,-9.447,210.526,161.48
409,36.5,0.0,223.684,169.26
410,35.256,9.447,223.684,174.47
411,31.61,18.25,223.684,194.83
412,25.809,25.809,223.684,186.95
413,18.25,31.61,223.684,170.46
414,9.447,35.256,223.684,142.87
415,0.0,36.5,223.684,136.25
416,-9.447,35.256,223.684,136.87
417,-18.25,31.61,223.684,157.62
418,-25.809,25.809,223.684,178.67
419,-31.61,18.25,223.684,195.77
420,-35.256,9.447,223.684,166.6
421,-36.5,0.0,223.684,162.71
422,-35.256,-9.447,223.684,155.03
423,-31.61,-18.25,223.684,136.11
424,-25.809,-25.809,223.684,157.02
425,-18.25,-31.61,223.684,165.11
426,-9.447,-35.256,223.684,171.74
427,-0.0,-36.5,223.684,189.96
428,9.447,-35.256,223.684,164.58
429,18.25,-31.61,223.684,172.8
430,25.809,-25.809,223.684,159.23
431,31.61,-18.25,223.684,133.47
432,35.256,-9.447,223.684,148.89
433,36.5,0.0,236.842,146.7
434,35.256,9.447,236.842,184.3
435,31.61,18.25,236.842,176.96
436,25.809,25.809,236.842,157.07
437,18.25,31.61,236.842,148.9
438,9.447,35.256,236.842,152.73
439,0.0,36.5,236.842,135.11
440,-9.447,35.256,236.842,151.32
441,-18.25,31.61,236.842,161.45
442,-25.809,25.809,236.842,185.2
443,-31.61,18.25,236.842,179.28
444,-35.256,9.447,236.842,184.06
445,-36.5,0.0,236.842,168.16
446,-35.256,-9.447,236.842,145.66
447,-31.61,-18.25,236.842,143.0
448,-25.809,-25.809,236.842,142.42
449,-18.25,-31.61,236.842,166.34
450,-9.447,-35.256,236.842,172.0
451,-0.0,-36.5,236.842,188.34
452,9.447,-35.256,236.842,177.87
453,18.25,-31.61,236.842,155.66
454,25.809,-25.809,236.842,135.05
455,31.61,-18.25,236.842,128.84
456,35.256,-9.447,236.842,146.41
457,36.5,0.0,250.0,156.46
458,35.256,9.447,250.0,163.26
459,31.61,18.25,250.0,172.29
460,25.809,25.809,250.0,155.86
461,18.25,31.61,250.0,135.81
462,9.447,35.256,250.0,127.91
463,0.0,36.5,250.0,121.63
464,-9.447,35.256,250.0,128.93
465,-18.25,31.61,250.0,149.69
466,-25.809,25.809,250.0,151.78
467,-31.61,18.25,250.0,160.42
468,-35.256,9.447,250.0,168.44
469,-36.5,0.0,250.0,154.68
470,-35.256,-9.447,250.0,121.27
471,-31.61,-18.25,250.0,125.71
472,-25.809,-25.809,250.0,135.62
473,-18.25,-31.61,250.0,145.96
474,-9.447,-35.256,250.0,153.83
475,-0.0,-36.5,250.0,166.09
476,9.447,-35.256,250.0,174.77
477,18.25,-31.61,250.0,151.01
478,25.809,-25.809,250.0,140.21
479,31.61,-18.25,250.0,139.18
480,35.256,-9.447,250.0,142.31
